question_num,question,answer
1,"What is LocaLens, and why is it not accurately described as merely a search engine, map application, weather application, or booking platform?","LocaLens is a contextual local-experience discovery and planning system for hospitality and travel. It helps travelers discover, evaluate, plan, and adapt local experiences based on their personal context and real-world constraints. It is also a two-sided platform connecting travelers (demand) with local providers (supply) around local experiences. Search, maps, weather, and booking may be component capabilities, but LocaLens is the layer above them: it takes a traveler's intent and circumstances and returns options and plans that are both relevant and feasible given what is actually known about the world."
2,"State the core LocaLens domain loop and explain why VERIFY FEASIBILITY comes before PERSONALIZE.","The loop is UNDERSTAND → RETRIEVE → VERIFY FEASIBILITY → PERSONALIZE → COMPOSE → ADAPT → LEARN. Feasibility comes first because personalization only operates over candidates already confirmed FEASIBLE. Personalization is a matching and ordering step. It cannot override feasibility, so a strongly preferred but infeasible or UNKNOWN candidate must not be ranked into a plan."
3,"A traveler is labelled 'family with children'. Does this profile tell LocaLens what the family wants? Explain what traveler profiles represent.","No. The profiles (solo traveler, friends group, couple, family with children, business traveler with free time, local explorer) are contextual shorthand. They describe the traveler's situation, not a fixed personality or guaranteed preferences. The same person can behave differently across trips, groups, or even parts of one day, and group members may not share identical preferences. The family's actual intent, preferences, and constraints must come from its expressed context and evidence, not from the label."
4,"What are the twenty categories of the current LocaLens experience taxonomy, and what does membership in a category imply about a specific traveler's suitability?","The current taxonomy is: food-drink, street-food, cafes, culture-heritage, art-galleries, museums, workshops, crafts, shopping-markets, outdoors, adventure, photography, family, nightlife, music, community, hidden-gems, wellness, entertainment, local-experiences. A category is a neutral classification label for what kind of experience something is. It does not predict popularity or demand, and it does not guarantee suitability for any traveler. Fit depends on the traveler's context, preferences, constraints, and current conditions."
5,"Classify each of the following as a preference or a constraint, and explain how each is used: (a) 'I usually like low-cost activities', (b) 'I cannot spend more than my stated maximum budget', (c) an accessibility requirement.","(a) is a preference: something the traveler favors, used to rank or personalize among feasible options. (b) is a constraint: it limits what can actually work and participates in feasibility. (c) is potentially a hard constraint and also participates in feasibility. A preference must never silently override a hard constraint, and a weak behavioral signal must never be silently turned into a hard constraint."
6,"How does the LocaLens Digital Twin differ from a static experience database or a weather dashboard?","The Digital Twin is a continuously evolving virtual representation of the relevant real-world entities, resources, relationships, environmental conditions, and operational state in the LocaLens ecosystem. A static database stores records, while the twin models how entities are connected and how their state changes and propagates. A weather dashboard displays conditions, but weather is only one input to the twin, alongside experiences, providers, routes, itineraries, traveler context, demand, and public signals. The twin extends the existing LocaLens system rather than being a standalone weather application, and a map is only a visualization of it."
7,"Distinguish a forecast, a counterfactual scenario, and a what-if scenario in the LocaLens Digital Twin.","A forecast is what may happen under expected future conditions. It is a prediction that carries uncertainty. A counterfactual explores what might happen, or might have happened, under an alternative condition that departs from the observed past or the expected future, such as 'what if the storm had arrived earlier'. A what-if is an interactive, controlled exploration in which one or more parameters (intensity, duration, timing, location, temperature, affected area, severity) are changed from a baseline to produce a simulated state. All three remain distinct from observed, actual state."
8,"A public post claims a street is flooded. What exactly is known, and what is not?","It is known that a public report was actually published. Whether the claim inside it is true (that the street is flooded) remains uncertain until it is supported by corroboration, context, or authoritative evidence. A social or public signal is evidence, not automatic ground truth, so the existence of the signal and the truth of its content must be reasoned about separately."
9,"Weather impact can be classified as GOOD, CAUTION, UNSUITABLE, or UNKNOWN. If current weather is available but an experience's environmental characteristics (such as indoor/outdoor exposure or weather sensitivity) are unknown, which classification applies, and can it be upgraded to GOOD?","UNKNOWN applies, because there is insufficient reliable information about the experience to determine weather impact. It must not be upgraded to GOOD by assumption. This mirrors the rule that an UNKNOWN feasibility verdict is never treated as FEASIBLE. Classification depends on the experience's characteristics, sensitivity, any applicable weather policy, and available data, not on a universal rainfall or temperature threshold."
10,"An experience record states it is an indoor venue. A model concludes it is 'likely less exposed to rain'. How should these two statements be treated?","'Indoor venue' is a recorded experience fact. 'Likely less exposed to rain' is an inferred characteristic: a reasonable interpretation, but not a directly recorded fact. The inference must stay labelled as inferred and must not silently become verified state. It also does not imply the venue is open, available, or reachable, because route and movement conditions can still matter."
11,"Many different travelers have saved the same local experience. Can LocaLens conclude that a new traveler will want it, or that each saver has a stable preference for its category?","No. The combined behavior may form an aggregate demand signal useful to the provider side. Aggregate demand describes patterns across many travelers and does not automatically represent any individual. Also, one traveler's save is a single interest signal, not proof of a stable preference. Personalization relies on the individual traveler's own context and signals, while demand intelligence relies on aggregated signals. The two must not be substituted for each other."
12,"During rain, public discussion suggests growing interest in indoor experiences. Does this establish a demand shift across all travelers?","No. This is a public interest signal. It is distinct from platform-observed demand, and both are distinct from true market demand. No single source completely represents demand. The discussion may be additional, uncertain evidence consistent with a relative shift toward indoor options, but it does not establish a population-wide shift, and demand statistics must not be fabricated from it."
13,"A provider is fully operational, but one of its experiences is unavailable today. Is this consistent? Conversely, can LocaLens infer that every experience is available because the provider is operating?","Yes, it is consistent. Provider state (the condition of the business as a whole) and experience state (the condition of one specific offering) are distinct levels. A provider can be operational while one experience is unavailable, and different experiences can be in different states at the same time. Conversely, provider operation does not imply that each experience is available. Experience-level availability must come from experience-level evidence."
14,"A traveler's itinerary contains two indoor experiences that both remain open, but severe weather affects the route between them. Is the itinerary still feasible because both experiences are open?","Not necessarily. Experience feasibility is not the same as itinerary feasibility. Weather can affect route reliability, effective travel time, and movement burden, which can make the itinerary problematic even when each stop is individually usable. This is a route and itinerary-level impact, so the experiences themselves should not be marked unavailable. Whether the plan remains feasible is determined by deterministic logic evaluating travel time and constraints, not by AI interpretation."
15,"Is it correct to reason that indoor experiences are unaffected by weather and outdoor experiences always become unsuitable in rain?","No. Weather impact is contextual, not 'rain = bad'. An indoor experience has lower direct exposure, but reaching it may still be affected by route and mobility conditions, and being indoors does not make it feasible. An outdoor experience's impact depends on the weather's intensity, duration, timing, and location, the experience's exposure and characteristics, and the traveler's context. Mild rain may have limited impact, while heavy rain on an exposed activity may reduce suitability."
16,"Using a rain event, explain the difference between a direct effect, a secondary effect, and a cascading or higher-order effect.","Direct effect: the immediate relationship between the condition and an entity, for example heavy rain makes an outdoor experience less suitable. Secondary effect: a consequence of that direct effect, for example the traveler seeks an alternative and indoor demand increases, or the route becomes less suitable and later itinerary timing shifts. Cascading or higher-order effect: further propagation across connected entities, for example the route sequence changes, later timing shifts, and provider demand distribution becomes uneven. Not every cascade occurs in every situation, and uncertainty grows with each step downstream."
17,"How does the Digital Twin use normal versus extreme weather scenarios?","Normal conditions are those within a typical, expected range for the context. They establish a baseline: usual experience suitability, normal movement burden, typical demand, and ordinary provider conditions. Changed or extreme conditions deviate from that baseline, for example unusually intense rain, a prolonged storm, extreme heat, an expanded affected area, or severe flooding. The twin compares these against the baseline. As severity increases, the likelihood and scale of effects on suitability, movement, itinerary stability, demand, and providers tend to increase. No numerical threshold separating normal from extreme is defined."
18,"A geographically relevant public report of waterlogging reaches the Digital Twin. How should the twin incorporate it, and may it update the authoritative route state?","The signal passes through interpretation into contextual evidence and then into twin state for impact reasoning. The twin should preserve the signal's source, time, location, uncertainty, signal type, and relationship to other evidence. It can raise route-related uncertainty in the twin's estimated or simulated picture. It must not overwrite authoritative route state or other actual system state merely because the signal exists."
19,"Current weather is observed to be clear, but the forecast predicts heavy rain in the afternoon when an outdoor stop is planned. How should LocaLens reason about this?","The current observation informs the present context and immediate assessment. The forecast informs future planning, scenario preparation, and proactive adaptation, but it is a prediction with uncertainty and must not replace observed state. LocaLens may state that the afternoon outdoor stop may become less suitable, phrased as an uncertain prediction rather than a fact. Any actual change to the plan remains subject to deterministic reassessment."
20,"A traveler has historically chosen indoor cultural experiences but now says 'I want an outdoor walk today.' How should LocaLens treat this request?","The current explicit request is the relevant context and should not be overridden by historical behavior. The guiding principle is current expressed intent plus current context plus relevant historical signals, not historical behavior alone. Historical signals can still help disambiguate or enrich the request, but they support it rather than supersede it. Candidate outdoor walks must still pass deterministic feasibility and any applicable weather-impact assessment."
21,"An experience's opening hours are unavailable and there is no current availability evidence. Should it be treated as FEASIBLE, INFEASIBLE, or UNKNOWN for a requested time slot? Why?","UNKNOWN. Unknown hours do not mean open and do not mean closed. Missing required information produces uncertainty, not an assumption of validity, and an UNKNOWN verdict is never upgraded to FEASIBLE. Because only FEASIBLE candidates proceed to personalization and planning, this experience should not be placed into a plan as if confirmed, and no fallback hours may be assumed or invented."
22,"An experience strongly matches a friends group's interests, but its known capacity cannot accommodate the group's size. How should this be evaluated?","Experience suitability can be high while capacity feasibility is low. Capacity and group size are feasibility dimensions, so a known capacity that cannot fit the group violates a known constraint, making the experience INFEASIBLE for that request. The strong preference match cannot override this. If capacity were unknown instead, it could not be inferred from popularity, size, or category and should be treated as unknown rather than assumed sufficient."
23,"A traveler sets an explicit maximum budget. A highly relevant experience has no known price. Can LocaLens treat it as affordable?","No. Missing pricing is not proof of affordability. The price is unknown, which can make feasibility UNKNOWN rather than FEASIBLE. The system must not invent a price or turn a qualitative impression like 'cheap' into an amount. Relevance does not equal feasibility."
24,"A traveler with a stated accessibility requirement asks whether an experience is accessible, but the experience has no accessibility information. What should the answer and reasoning be?","The accessibility status is unknown. Missing accessibility information does not mean the experience is accessible, and AI must not fabricate an accessibility claim. Because the traveler's requirement is potentially a hard constraint, feasibility cannot be confirmed from missing data. The honest response preserves the uncertainty rather than giving reassurance."
25,"A traveler viewed an experience once but did not save it. Should personalization treat this as a rejection?","No. It is an ambiguous signal. A view indicates attention, not necessarily preference, and a missing action does not automatically mean dislike: the traveler may have been undecided or distracted. An explicit negative signal, such as a low rating, is meaningfully stronger evidence than an absence of engagement. Overconfident interpretation of such signals leads to systematic misunderstanding of travelers."
26,"After the weather changes, a traveler removes an outdoor stop from their itinerary. Should LocaLens record that the traveler removed it because of the weather?","No. The removal is observed behavior and is known. The motivation is unknown unless the traveler states it. Weather may be a plausible explanation, but time, cost, group, or preference changes are also possible, and weather is not an automatic explanation for every behavior change. At most the reason may be treated as inferred, never recorded as fact."
27,"Heavy rain is currently observed near an outdoor experience. Several public reports mention waterlogging nearby, but the authoritative route calculation still shows a feasible route. How should LocaLens interpret this?","The observed rain may reduce the outdoor experience's weather-related suitability. That is a suitability question about the experience. The public waterlogging reports are contextual evidence that may raise route uncertainty, especially if they are fresh, geographically relevant, and independent. They do not establish flooding or route closure and do not replace the authoritative route calculation, which remains authoritative for route feasibility and travel time. Experience suitability and route feasibility must stay distinct, and any actual plan change goes through deterministic reassessment."
28,"Heavy rain and waterlogging reports are concentrated in one neighborhood, while a traveler's itinerary is in a different part of the city. How should this affect reasoning about the traveler's plan?","Weather impact and public signals are spatial. A condition in one locality should not be generalized to the whole city, and a single local measurement or report is not universal across a region. The system should reason about geographic overlap, distance, exposure, and route dependence. If none of the traveler's stops or route legs fall within or pass through the affected area, direct impact may be limited. If a route leg passes through it, route-related uncertainty becomes relevant."
29,"A traveler has completed the first two stops of an itinerary and explicitly locked a later stop. The weather then deteriorates. How should dynamic replanning proceed?","New context triggers impact assessment and reassessment of the remaining, not-yet-completed itinerary. Completed portions should not be rewritten, and the traveler's explicit lock should be respected. Alternatives may be considered for affected unlocked stops. Any revised plan must again pass deterministic feasibility (time, route, budget, availability, and other constraints). An AI narrative may explain the validated result but does not decide it."
30,"In a Digital Twin what-if scenario where rainfall intensity is increased, the simulation shows that an outdoor stop becomes unsuitable. Should that stop be removed from the traveler's actual itinerary?","No. Simulated state is not actual system state. The what-if follows baseline, changed parameter, propagated effects, simulated state, and identified differences, producing a hypothetical projection. It must not automatically modify the actual itinerary, availability, provider state, bookings, traveler preferences, or the database. It can inform decision support, but only a separate, explicit deterministic action can apply a real change."
31,"Dozens of posts discuss flooding at a location, but most are reposts or quotes of a single original report. Is this strong independent corroboration?","No. The number of posts is not the number of independent observations. Reposts, quotes, and copied text that trace back to one original claim represent essentially one underlying observation. Repetition may also reflect coordinated or inauthentic activity, so independence and authenticity cannot be assumed. Treating duplicates as independent evidence would inflate confidence without justification."
32,"Heavy rainfall is observed, one public report describes waterlogging, a separate traveler reports movement difficulty at the same place, and the route calculation shows elevated travel time. Why is this combination stronger than any single signal, and what does it still not prove?","The evidence comes from independent vantage points: a formal weather observation, two distinct public reports, and an authoritative route computation. Their mutual consistency reduces the chance that any single source is mistaken, so together they give stronger contextual support for route impact. No numerical confidence should be invented. The combination still does not confirm actual flooding or route closure unless authoritative evidence establishes it, and the route calculation remains authoritative for travel time."
33,"One public report says a road is flooded; another says the same road is clear. How should LocaLens handle this?","The contradiction should be preserved, not resolved by arbitrarily picking one report. Possible explanations include different timestamps, different exact locations, changing conditions, different viewpoints, a stale report, or an inaccurate report. Relevant factors are timestamp, location, provenance, directness of observation, corroboration, freshness, and authoritative data. Where authoritative data exists it is the stronger source for actual state. Otherwise the state may appropriately remain UNKNOWN or UNCERTAIN."
34,"A public post published now describes waterlogging it says began early this morning. Why does the difference between publication time and event time matter?","Publication time (when the report appeared) is not the event time (when the described condition occurred). The condition may have started much earlier and may already have ended, so the post cannot be assumed to describe the present moment. Freshness matters most for rapidly changing conditions such as waterlogging, crowding, disruption, or temporary closures. An older signal may still help understand recurring patterns at that location, but a historical signal must be distinguished from a current one."
35,"How does an emerging condition differ from an isolated incident when interpreting public signals?","An incident is a single localized report. A possible emerging condition is suggested when an isolated report is followed by repeated related signals that form a spatial or temporal pattern. A trend cannot be established from one post. Even a clustered pattern remains a possible emerging condition to be interpreted with uncertainty, not a confirmed fact. The signal (the evidence) must also be kept distinct from the event (the real-world condition it describes)."
36,"Public reactions suggest an outdoor event is being disrupted, rain is forecast, and there is no official confirmation. Can LocaLens state that the event is cancelled?","No. Adverse weather does not automatically mean an event is cancelled, and public reactions are uncertain evidence, not ground truth. Actual event status must come from authoritative event information. LocaLens may treat possible disruption as a context or scenario signal, but AI must not declare cancellation or postponement without evidence."
37,"Several public comments claim an attraction is closed today, but the authoritative experience record shows it as active and available. What should LocaLens conclude?","A public report is not confirmed experience state. Authoritative provider or system data remains authoritative for open/closed status, availability, capacity, and booking state. The comments are contextual evidence that may justify flagging uncertainty, and the conflict should be preserved rather than hidden. AI must not claim the attraction is closed, and the record must not be changed on the basis of the comments alone."
38,"A Digital Twin chain starts from an uncertain rain forecast and predicts that provider demand will become uneven several steps later. How confident should this prediction be, and how should it be presented?","Uncertainty propagates and compounds through the chain: uncertain forecast, uncertain experience impact, uncertain traveler response, uncertain demand shift, uncertain provider effect. A higher-order prediction several steps downstream should be treated as more uncertain than the direct effect and never appear more certain than its inputs justify. It should be presented probabilistically, as a plausible outcome labelled predicted or simulated, without invented probability values."
39,"Why must observed, forecast, external-signal, inferred, predicted, simulated, and unknown states remain distinct in LocaLens?","They represent different epistemic states. An observed fact is directly grounded in available evidence; a forecast describes a possible future; an external signal provides contextual evidence with its own uncertainty; an inference is a conclusion derived from evidence; a prediction estimates a possible future outcome; a simulation represents a hypothetical scenario; and UNKNOWN means insufficient evidence to determine the state. They must remain distinct because combining them would allow an inference, forecast, or simulation to be presented as an observed fact, or would incorrectly treat lack of knowledge as a factual state."
40,"Distinguish the roles of the conversational interaction layer, AI or domain intelligence, and deterministic system logic in LocaLens. Could a domain-aligned AI model replace the feasibility engine?","The conversational (natural-language and voice) layer is an interaction modality. It lets travelers express intent, which is converted into structured traveler context. AI or domain intelligence may interpret intent and context, classify situations, reason about weather, behavioral, and social evidence and scenarios, summarize uncertainty, and explain validated plans. Deterministic system logic remains authoritative for actual feasibility, hard constraints, route and travel-time calculations, itinerary state, availability, booking and request state, ownership, database state, and safety-critical changes. An AI model cannot replace the feasibility engine: a plan is feasible because deterministic checks confirm it, and AI must not fabricate facts, override feasibility, or mutate actual system state."
